user_id,timestamp,phq9_score,gad7_score,pss10_score,cd_risc_score,sleep_disruption,social_withdrawal,sentiment_label
user_000,2026-02-23 16:55:16,9,6,4,79,0,1,negative
user_001,2026-02-10 16:55:16,3,18,36,54,0,0,negative
user_002,2026-02-01 16:55:16,13,21,31,53,1,0,neutral
user_003,2026-02-15 16:55:16,15,1,8,42,1,0,negative
user_004,2026-02-19 16:55:16,14,9,40,89,0,0,neutral
user_005,2026-02-22 16:55:16,7,12,34,36,1,0,neutral
user_006,2026-02-01 16:55:16,13,20,18,86,0,0,neutral
user_007,2026-02-09 16:55:16,22,5,15,65,0,0,positive
user_008,2026-02-23 16:55:16,27,11,2,74,0,0,negative
user_009,2026-02-04 16:55:16,24,11,19,49,0,1,neutral
user_010,2026-02-11 16:55:16,7,19,23,94,0,1,neutral
user_011,2026-02-07 16:55:16,20,10,32,37,0,0,negative
user_012,2026-02-19 16:55:16,15,6,23,45,0,0,positive
user_013,2026-02-19 16:55:16,12,0,10,43,0,0,neutral
user_014,2026-02-06 16:55:16,17,0,7,44,0,1,neutral
user_015,2026-02-09 16:55:16,14,19,35,95,0,1,negative
user_016,2026-02-26 16:55:16,20,12,37,61,0,0,neutral
user_017,2026-02-22 16:55:16,23,8,39,92,0,0,negative
user_018,2026-02-06 16:55:16,25,2,19,80,0,0,negative
user_019,2026-02-27 16:55:16,24,6,34,54,0,0,positive
user_020,2026-02-08 16:55:16,27,5,24,87,0,0,positive
user_021,2026-02-09 16:55:16,27,7,34,92,0,0,neutral
user_022,2026-02-28 16:55:16,27,8,24,91,1,1,neutral
user_023,2026-02-06 16:55:16,12,4,28,51,0,0,positive
user_024,2026-02-18 16:55:16,8,0,17,87,0,0,neutral
user_025,2026-01-31 16:55:16,14,18,17,87,1,0,neutral
user_026,2026-02-24 16:55:16,12,9,1,78,0,1,neutral
user_027,2026-02-28 16:55:16,0,11,34,81,0,1,neutral
user_028,2026-02-02 16:55:16,24,14,15,71,0,0,neutral
user_029,2026-02-09 16:55:16,6,21,40,99,0,0,neutral
user_030,2026-03-01 16:55:16,8,8,35,44,1,0,neutral
user_031,2026-02-18 16:55:16,23,19,32,83,0,0,positive
user_032,2026-02-04 16:55:16,0,16,3,89,0,0,neutral
user_033,2026-02-08 16:55:16,11,16,32,37,0,0,neutral
user_034,2026-02-01 16:55:16,7,19,13,82,1,0,negative
user_035,2026-02-18 16:55:16,23,11,20,89,0,0,neutral
user_036,2026-02-05 16:55:16,10,6,19,34,0,0,negative
user_037,2026-02-13 16:55:16,18,1,7,97,0,0,neutral
user_038,2026-02-03 16:55:16,16,2,6,35,1,0,positive
user_039,2026-02-03 16:55:16,7,16,2,76,0,0,negative
user_040,2026-02-20 16:55:16,2,4,16,84,0,0,neutral
user_041,2026-02-02 16:55:16,2,16,32,69,0,0,neutral
user_042,2026-02-02 16:55:16,0,16,11,81,0,0,positive
user_043,2026-02-14 16:55:16,26,16,21,45,0,0,neutral
user_044,2026-02-15 16:55:16,4,1,21,42,0,0,neutral
user_045,2026-01-31 16:55:16,9,1,29,59,0,0,neutral
user_046,2026-01-31 16:55:16,6,21,37,48,0,0,negative
user_047,2026-02-15 16:55:16,25,4,37,46,1,1,positive
user_048,2026-01-31 16:55:16,8,0,7,92,1,0,neutral
user_049,2026-02-11 16:55:16,27,0,26,48,0,0,neutral
user_050,2026-02-18 16:55:16,6,18,26,87,1,1,positive
user_051,2026-02-07 16:55:16,8,1,33,84,0,0,neutral
user_052,2026-02-10 16:55:16,7,20,20,91,0,1,neutral
user_053,2026-02-05 16:55:16,11,11,29,52,0,0,neutral
user_054,2026-02-27 16:55:16,1,5,32,38,0,0,positive
user_055,2026-02-25 16:55:16,0,3,27,41,0,0,neutral
user_056,2026-02-11 16:55:16,15,10,32,30,0,0,positive
user_057,2026-02-23 16:55:16,22,16,4,87,0,0,negative
user_058,2026-02-09 16:55:16,22,5,18,30,0,1,positive
user_059,2026-02-21 16:55:16,23,4,3,63,1,0,neutral
user_060,2026-02-23 16:55:16,4,19,34,77,1,0,negative
user_061,2026-02-12 16:55:16,2,1,16,30,0,0,neutral
user_062,2026-02-26 16:55:16,11,5,27,45,1,1,negative
user_063,2026-02-05 16:55:16,7,21,29,90,1,0,positive
user_064,2026-02-02 16:55:16,21,10,28,93,1,0,negative
user_065,2026-02-16 16:55:16,26,15,5,92,0,0,neutral
user_066,2026-02-12 16:55:16,2,15,34,98,1,0,negative
user_067,2026-02-04 16:55:16,0,0,40,51,0,0,positive
user_068,2026-02-21 16:55:16,2,8,36,96,1,0,positive
user_069,2026-02-04 16:55:16,4,5,23,55,1,0,positive
user_070,2026-02-09 16:55:16,14,15,28,45,0,0,neutral
user_071,2026-02-28 16:55:16,13,2,30,80,1,0,negative
user_072,2026-02-10 16:55:16,2,19,34,86,1,1,negative
user_073,2026-02-02 16:55:16,0,3,32,58,1,0,positive
user_074,2026-02-15 16:55:16,4,18,20,98,0,0,negative
user_075,2026-02-02 16:55:16,25,2,31,76,0,0,neutral
user_076,2026-02-23 16:55:16,22,18,22,91,0,0,neutral
user_077,2026-02-18 16:55:16,13,19,32,98,1,0,positive
user_078,2026-02-01 16:55:16,6,6,2,45,0,0,negative
user_079,2026-02-22 16:55:16,26,19,17,77,0,0,positive
user_080,2026-02-15 16:55:16,8,8,24,68,0,0,neutral
user_081,2026-02-27 16:55:16,14,0,30,62,0,0,negative
user_082,2026-02-16 16:55:16,14,7,2,52,1,1,positive
user_083,2026-02-13 16:55:16,25,6,39,39,1,0,neutral
user_084,2026-02-26 16:55:16,9,17,23,98,0,0,positive
user_085,2026-02-12 16:55:16,27,7,31,63,1,0,neutral
user_086,2026-02-22 16:55:16,12,0,21,81,0,0,neutral
user_087,2026-02-26 16:55:16,18,10,22,39,0,0,neutral
user_088,2026-02-28 16:55:16,6,17,1,48,1,0,neutral
user_089,2026-01-31 16:55:16,16,9,26,87,0,1,neutral
user_090,2026-02-24 16:55:16,19,2,1,30,0,0,neutral
user_091,2026-02-08 16:55:16,3,6,25,98,1,1,negative
user_092,2026-02-20 16:55:16,4,15,16,33,0,1,neutral
user_093,2026-02-26 16:55:16,22,15,39,45,0,0,neutral
user_094,2026-02-08 16:55:16,6,19,32,53,0,0,neutral
user_095,2026-02-01 16:55:16,12,16,8,31,0,0,neutral
user_096,2026-02-12 16:55:16,14,1,38,61,0,0,neutral
user_097,2026-02-04 16:55:16,10,0,28,53,0,0,negative
user_098,2026-02-18 16:55:16,3,15,25,41,1,0,neutral
user_099,2026-02-28 16:55:16,12,11,34,79,1,0,positive
